ID,Time,Frames
1,126.23778772354126,880
4,103.99637842178345,703
5,101.29621863365173,617
13,69.92388367652893,20
14,65.28996396064758,20
16,15.001567840576172,41
21,16.704655647277832,40
